class,age
aris,21
aris,21
aris,21
aris,21
aris,21
aris,21
aris,21
aris,22
aris,22
aris,22
aris,22
aris,22
aris,22
aris,22
aris,22
aris,23
aris,23
aris,23
aris,23
aris,23
aris,23
aris,23
aris,23
aris,23
aris,23
aris,23
aris,23
aris,23
aris,23
aris,23
aris,23
aris,23
aris,23
aris,23
aris,24
aris,24
aris,24
aris,24
aris,24
aris,24
aris,24
aris,24
aris,24
aris,24
aris,24
aris,24
aris,24
aris,24
aris,24
aris,24
aris,24
aris,24
aris,24
aris,24
aris,24
aris,25
aris,25
aris,25
aris,25
aris,25
aris,25
aris,25
aris,25
aris,25
aris,25
aris,25
aris,25
aris,26
aris,26
aris,26
aris,26
aris,26
aris,26
aris,26
aris,26
aris,26
aris,26
aris,26
aris,26
aris,27
aris,27
aris,27
aris,27
aris,27
aris,27
aris,27
aris,27
aris,27
aris,27
aris,27
aris,27
aris,27
aris,27
aris,27
aris,28
aris,28
aris,28
aris,28
aris,28
aris,28
aris,28
aris,28
aris,28
aris,28
aris,28
aris,28
aris,28
aris,28
aris,28
aris,28
aris,28
aris,28
aris,29
aris,29
aris,29
aris,29
aris,29
aris,29
aris,29
aris,29
aris,29
aris,29
aris,29
aris,29
aris,29
aris,29
aris,29
aris,29
aris,29
aris,29
aris,29
aris,29
aris,29
aris,29
aris,29
aris,30
aris,30
aris,30
aris,30
aris,30
aris,30
aris,30
aris,30
aris,30
aris,30
aris,30
aris,30
aris,30
aris,30
aris,30
aris,30
aris,30
aris,31
aris,31
aris,31
aris,31
aris,31
aris,31
aris,31
aris,31
aris,31
aris,31
aris,31
aris,31
aris,31
aris,31
aris,31
aris,31
aris,31
aris,31
aris,32
aris,32
aris,32
aris,32
aris,32
aris,32
aris,32
aris,32
aris,32
aris,32
aris,32
aris,32
aris,32
aris,32
aris,32
aris,32
aris,32
aris,32
aris,32
aris,33
aris,33
aris,33
aris,33
aris,33
aris,33
aris,33
aris,33
aris,33
aris,33
aris,33
aris,33
aris,33
aris,33
aris,33
aris,33
aris,33
aris,33
aris,33
aris,33
aris,33
aris,33
aris,33
aris,33
aris,33
aris,33
aris,34
aris,34
aris,34
aris,34
aris,34
aris,34
aris,34
aris,34
aris,34
aris,34
aris,34
aris,34
aris,34
aris,34
aris,34
aris,34
aris,35
aris,35
aris,35
aris,35
aris,35
aris,35
aris,35
aris,35
aris,35
aris,35
aris,35
aris,35
aris,35
aris,35
aris,35
aris,35
aris,35
aris,35
aris,35
aris,35
aris,36
aris,36
aris,36
aris,36
aris,36
aris,36
aris,36
aris,36
aris,36
aris,36
aris,36
aris,36
aris,36
aris,36
aris,36
aris,36
aris,36
aris,37
aris,37
aris,37
aris,37
aris,37
aris,37
aris,37
aris,37
aris,37
aris,37
aris,37
aris,37
aris,37
aris,37
aris,37
aris,37
aris,37
aris,37
aris,37
aris,38
aris,38
aris,38
aris,38
aris,38
aris,38
aris,38
aris,38
aris,38
aris,38
aris,38
aris,38
aris,38
aris,38
aris,38
aris,38
aris,38
aris,38
aris,38
aris,38
aris,38
aris,38
aris,38
aris,38
aris,38
aris,38
aris,38
aris,39
aris,39
aris,39
aris,39
aris,39
aris,39
aris,39
aris,39
aris,39
aris,39
aris,39
aris,39
aris,39
aris,39
aris,39
aris,39
aris,39
aris,39
aris,39
aris,39
aris,39
aris,39
aris,39
aris,39
aris,39
aris,39
aris,39
aris,39
aris,39
aris,40
aris,40
aris,40
aris,40
aris,40
aris,40
aris,40
aris,40
aris,40
aris,40
aris,40
aris,40
aris,40
aris,40
aris,40
aris,41
aris,41
aris,41
aris,41
aris,41
aris,41
aris,41
aris,41
aris,41
aris,41
aris,41
aris,41
aris,41
aris,41
aris,41
aris,41
aris,41
aris,42
aris,42
aris,42
aris,42
aris,42
aris,42
aris,42
aris,42
aris,42
aris,42
aris,42
aris,42
aris,42
aris,42
aris,42
aris,42
aris,42
aris,42
aris,42
aris,42
aris,42
aris,42
aris,42
aris,42
aris,42
aris,42
aris,42
aris,42
aris,42
aris,42
aris,42
aris,42
aris,42
aris,42
aris,42
aris,43
aris,43
aris,43
aris,43
aris,43
aris,43
aris,43
aris,43
aris,43
aris,43
aris,43
aris,43
aris,43
aris,43
aris,43
aris,43
aris,43
aris,43
aris,43
aris,43
aris,43
aris,43
aris,43
aris,43
aris,43
aris,43
aris,43
aris,43
aris,43
aris,43
aris,44
aris,44
aris,44
aris,44
aris,44
aris,44
aris,44
aris,44
aris,44
aris,44
aris,44
aris,44
aris,44
aris,44
aris,44
aris,44
aris,44
aris,44
aris,44
aris,44
aris,44
aris,44
aris,44
aris,44
aris,44
aris,44
aris,45
aris,45
aris,45
aris,45
aris,45
aris,45
aris,45
aris,45
aris,45
aris,45
aris,45
aris,45
aris,45
aris,45
aris,45
aris,45
aris,45
aris,45
aris,45
aris,45
aris,45
aris,45
aris,45
aris,45
aris,46
aris,46
aris,46
aris,46
aris,46
aris,46
aris,46
aris,46
aris,46
aris,46
aris,46
aris,46
aris,46
aris,46
aris,46
aris,46
aris,46
aris,46
aris,46
aris,46
aris,46
aris,46
aris,46
aris,46
aris,46
aris,46
aris,46
aris,46
aris,46
aris,46
aris,46
aris,46
aris,46
aris,46
aris,47
aris,47
aris,47
aris,47
aris,47
aris,47
aris,47
aris,47
aris,47
aris,47
aris,47
aris,47
aris,47
aris,47
aris,47
aris,47
aris,47
aris,47
aris,47
aris,47
aris,47
aris,47
aris,47
aris,47
aris,47
aris,47
aris,47
aris,47
aris,47
aris,47
aris,47
aris,47
aris,47
aris,47
aris,47
aris,47
aris,47
aris,47
aris,47
aris,48
aris,48
aris,48
aris,48
aris,48
aris,48
aris,48
aris,48
aris,48
aris,48
aris,48
aris,48
aris,48
aris,48
aris,48
aris,48
aris,48
aris,48
aris,48
aris,48
aris,48
aris,48
aris,48
aris,48
aris,48
aris,48
aris,48
aris,49
aris,49
aris,49
aris,49
aris,49
aris,49
aris,49
aris,49
aris,49
aris,49
aris,49
aris,49
aris,49
aris,49
aris,49
aris,49
aris,49
aris,49
aris,49
aris,49
aris,49
aris,49
aris,49
aris,49
aris,49
aris,49
aris,49
aris,49
aris,49
aris,49
aris,49
aris,49
aris,49
aris,49
aris,49
aris,49
aris,49
aris,49
aris,49
aris,49
aris,49
aris,49
aris,49
aris,49
aris,49
aris,50
aris,50
aris,50
aris,50
aris,50
aris,50
aris,50
aris,50
aris,50
aris,50
aris,50
aris,50
aris,50
aris,50
aris,50
aris,50
aris,50
aris,50
aris,50
aris,50
aris,50
aris,50
aris,50
aris,50
aris,50
aris,50
aris,50
aris,50
aris,50
aris,50
aris,50
aris,50
aris,50
aris,50
aris,50
aris,50
aris,51
aris,51
aris,51
aris,51
aris,51
aris,51
aris,51
aris,51
aris,51
aris,51
aris,51
aris,51
aris,51
aris,51
aris,51
aris,51
aris,51
aris,51
aris,51
aris,51
aris,51
aris,51
aris,51
aris,51
aris,51
aris,51
aris,51
aris,51
aris,51
aris,51
aris,51
aris,51
aris,51
aris,51
aris,51
aris,51
aris,51
aris,52
aris,52
aris,52
aris,52
aris,52
aris,52
aris,52
aris,52
aris,52
aris,52
aris,52
aris,52
aris,52
aris,52
aris,52
aris,52
aris,52
aris,52
aris,52
aris,52
aris,52
aris,52
aris,52
aris,52
aris,52
aris,52
aris,52
aris,52
aris,52
aris,52
aris,52
aris,53
aris,53
aris,53
aris,53
aris,53
aris,53
aris,53
aris,53
aris,53
aris,53
aris,53
aris,53
aris,53
aris,53
aris,53
aris,53
aris,53
aris,53
aris,53
aris,53
aris,53
aris,53
aris,53
aris,53
aris,53
aris,53
aris,53
aris,53
aris,53
aris,53
aris,53
aris,53
aris,53
aris,53
aris,53
aris,53
aris,54
aris,54
aris,54
aris,54
aris,54
aris,54
aris,54
aris,54
aris,54
aris,54
aris,54
aris,54
aris,54
aris,54
aris,54
aris,54
aris,54
aris,54
aris,54
aris,54
aris,54
aris,54
aris,54
aris,54
aris,54
aris,54
aris,54
aris,54
aris,54
aris,54
aris,54
aris,54
aris,54
aris,54
aris,54
aris,54
aris,55
aris,55
aris,55
aris,55
aris,55
aris,55
aris,55
aris,55
aris,55
aris,55
aris,55
aris,55
aris,55
aris,55
aris,55
aris,55
aris,55
aris,55
aris,55
aris,55
aris,55
aris,55
aris,55
aris,55
aris,55
aris,55
aris,55
aris,55
aris,55
aris,55
aris,55
aris,55
aris,55
aris,55
aris,55
aris,55
aris,55
aris,55
aris,55
aris,55
aris,55
aris,55
aris,55
aris,55
aris,55
aris,55
aris,55
aris,55
aris,55
aris,55
aris,55
aris,55
aris,55
aris,55
aris,55
aris,56
aris,56
aris,56
aris,56
aris,56
aris,56
aris,56
aris,56
aris,56
aris,56
aris,56
aris,56
aris,56
aris,56
aris,56
aris,56
aris,56
aris,56
aris,56
aris,56
aris,56
aris,56
aris,56
aris,56
aris,56
aris,56
aris,56
aris,56
aris,56
aris,56
aris,56
aris,56
aris,56
aris,56
aris,56
aris,56
aris,56
aris,56
aris,56
aris,56
aris,56
aris,56
aris,56
aris,56
aris,56
aris,56
aris,57
aris,57
aris,57
aris,57
aris,57
aris,57
aris,57
aris,57
aris,57
aris,57
aris,57
aris,57
aris,57
aris,57
aris,57
aris,57
aris,57
aris,57
aris,57
aris,57
aris,57
aris,57
aris,57
aris,57
aris,57
aris,57
aris,57
aris,57
aris,57
aris,57
aris,57
aris,57
aris,57
aris,57
aris,57
aris,57
aris,57
aris,58
aris,58
aris,58
aris,58
aris,58
aris,58
aris,58
aris,58
aris,58
aris,58
aris,58
aris,58
aris,58
aris,58
aris,58
aris,58
aris,58
aris,58
aris,58
aris,58
aris,58
aris,58
aris,58
aris,58
aris,58
aris,58
aris,58
aris,58
aris,58
aris,58
aris,58
aris,58
aris,58
aris,58
aris,58
aris,58
aris,58
aris,58
aris,58
aris,58
aris,59
aris,59
aris,59
aris,59
aris,59
aris,59
aris,59
aris,59
aris,59
aris,59
aris,59
aris,59
aris,59
aris,59
aris,59
aris,59
aris,59
aris,59
aris,59
aris,59
aris,59
aris,59
aris,59
aris,59
aris,59
aris,59
aris,59
aris,59
aris,59
aris,59
aris,59
aris,59
aris,59
aris,60
aris,60
aris,60
aris,60
aris,60
aris,60
aris,60
aris,60
aris,60
aris,60
aris,60
aris,60
aris,60
aris,60
aris,60
aris,60
aris,60
aris,60
aris,60
aris,60
aris,60
aris,60
aris,60
aris,60
aris,60
aris,60
aris,60
aris,60
aris,60
aris,60
aris,60
aris,60
aris,60
aris,60
aris,60
aris,60
aris,60
aris,60
aris,60
aris,60
aris,60
aris,60
aris,60
aris,60
aris,60
aris,60
aris,60
aris,61
aris,61
aris,61
aris,61
aris,61
aris,61
aris,61
aris,61
aris,61
aris,61
aris,61
aris,61
aris,61
aris,61
aris,61
aris,61
aris,61
aris,61
aris,61
aris,61
aris,61
aris,61
aris,61
aris,61
aris,61
aris,61
aris,61
aris,61
aris,61
aris,61
aris,61
aris,61
aris,61
aris,61
aris,61
aris,61
aris,61
aris,61
aris,61
aris,61
aris,61
aris,61
aris,61
aris,61
aris,61
aris,61
aris,61
aris,61
aris,61
aris,62
aris,62
aris,62
aris,62
aris,62
aris,62
aris,62
aris,62
aris,62
aris,62
aris,62
aris,62
aris,62
aris,62
aris,62
aris,62
aris,62
aris,62
aris,62
aris,62
aris,62
aris,62
aris,62
aris,62
aris,62
aris,62
aris,62
aris,62
aris,62
aris,62
aris,62
aris,62
aris,62
aris,62
aris,62
aris,62
aris,62
aris,62
aris,62
aris,62
aris,62
aris,62
aris,62
aris,62
aris,62
aris,62
aris,62
aris,62
aris,62
aris,62
aris,62
aris,62
aris,62
aris,62
aris,63
aris,63
aris,63
aris,63
aris,63
aris,63
aris,63
aris,63
aris,63
aris,63
aris,63
aris,63
aris,63
aris,63
aris,63
aris,63
aris,63
aris,63
aris,63
aris,63
aris,63
aris,63
aris,63
aris,63
aris,63
aris,63
aris,63
aris,63
aris,63
aris,63
aris,63
aris,63
aris,63
aris,63
aris,63
aris,63
aris,63
aris,63
aris,63
aris,63
aris,63
aris,63
aris,63
aris,63
aris,63
aris,63
aris,63
aris,63
aris,63
aris,63
aris,63
aris,63
aris,64
aris,64
aris,64
aris,64
aris,64
aris,64
aris,64
aris,64
aris,64
aris,64
aris,64
aris,64
aris,64
aris,64
aris,64
aris,64
aris,64
aris,64
aris,64
aris,64
aris,64
aris,64
aris,64
aris,64
aris,64
aris,64
aris,64
aris,64
aris,64
aris,64
aris,64
aris,64
aris,64
aris,64
aris,64
aris,64
aris,65
aris,65
aris,65
aris,65
aris,65
aris,65
aris,65
aris,65
aris,65
aris,65
aris,65
aris,65
aris,65
aris,65
aris,65
aris,65
aris,65
aris,65
aris,65
aris,65
aris,65
aris,65
aris,65
aris,65
aris,65
aris,65
aris,65
aris,65
aris,65
aris,65
aris,65
aris,65
aris,65
aris,65
aris,65
aris,65
aris,65
aris,65
aris,65
aris,65
aris,65
aris,65
aris,65
aris,65
aris,65
aris,65
aris,65
aris,65
aris,65
aris,66
aris,66
aris,66
aris,66
aris,66
aris,66
aris,66
aris,66
aris,66
aris,66
aris,66
aris,66
aris,66
aris,66
aris,66
aris,66
aris,66
aris,66
aris,66
aris,66
aris,66
aris,66
aris,66
aris,66
aris,66
aris,66
aris,66
aris,66
aris,66
aris,66
aris,66
aris,66
aris,66
aris,66
aris,66
aris,66
aris,67
aris,67
aris,67
aris,67
aris,67
aris,67
aris,67
aris,67
aris,67
aris,67
aris,67
aris,67
aris,67
aris,67
aris,67
aris,67
aris,67
aris,67
aris,67
aris,67
aris,67
aris,67
aris,67
aris,67
aris,67
aris,67
aris,67
aris,67
aris,67
aris,67
aris,67
aris,67
aris,67
aris,67
aris,67
aris,67
aris,67
aris,68
aris,68
aris,68
aris,68
aris,68
aris,68
aris,68
aris,68
aris,68
aris,68
aris,68
aris,68
aris,68
aris,68
aris,68
aris,68
aris,68
aris,68
aris,68
aris,68
aris,68
aris,68
aris,68
aris,68
aris,68
aris,68
aris,68
aris,68
aris,68
aris,68
aris,68
aris,68
aris,68
aris,68
aris,68
aris,68
aris,68
aris,68
aris,68
aris,68
aris,68
aris,68
aris,68
aris,68
aris,68
aris,68
aris,68
aris,68
aris,69
aris,69
aris,69
aris,69
aris,69
aris,69
aris,69
aris,69
aris,69
aris,69
aris,69
aris,69
aris,69
aris,69
aris,69
aris,69
aris,69
aris,69
aris,69
aris,69
aris,69
aris,69
aris,69
aris,69
aris,69
aris,69
aris,69
aris,69
aris,69
aris,69
aris,69
aris,69
aris,69
aris,69
aris,69
aris,69
aris,69
aris,69
aris,69
aris,69
aris,69
aris,69
aris,69
aris,69
aris,69
aris,69
aris,69
aris,69
aris,69
aris,69
aris,69
aris,69
aris,69
aris,69
aris,69
aris,69
aris,70
aris,70
aris,70
aris,70
aris,70
aris,70
aris,70
aris,70
aris,70
aris,70
aris,70
aris,70
aris,70
aris,70
aris,70
aris,70
aris,70
aris,70
aris,70
aris,70
aris,70
aris,70
aris,70
aris,70
aris,70
aris,70
aris,70
aris,70
aris,70
aris,70
aris,70
aris,70
aris,70
aris,70
aris,70
aris,70
aris,70
aris,70
aris,70
aris,70
aris,70
aris,70
aris,70
aris,70
aris,70
aris,70
aris,70
aris,70
aris,70
aris,70
aris,70
aris,70
aris,70
aris,70
aris,70
aris,70
aris,70
aris,70
aris,70
aris,70
aris,70
aris,70
aris,70
aris,70
aris,71
aris,71
aris,71
aris,71
aris,71
aris,71
aris,71
aris,71
aris,71
aris,71
aris,71
aris,71
aris,71
aris,71
aris,71
aris,71
aris,71
aris,71
aris,71
aris,71
aris,71
aris,71
aris,71
aris,71
aris,71
aris,71
aris,71
aris,71
aris,71
aris,71
aris,71
aris,71
aris,71
aris,71
aris,71
aris,71
aris,72
aris,72
aris,72
aris,72
aris,72
aris,72
aris,72
aris,72
aris,72
aris,72
aris,72
aris,72
aris,72
aris,72
aris,72
aris,72
aris,72
aris,72
aris,72
aris,72
aris,72
aris,72
aris,72
aris,72
aris,72
aris,72
aris,72
aris,72
aris,72
aris,72
aris,72
aris,72
aris,72
aris,72
aris,72
aris,72
aris,72
aris,72
aris,72
aris,72
aris,72
aris,72
aris,72
aris,72
aris,72
aris,72
aris,72
aris,72
aris,72
aris,72
aris,72
aris,72
aris,72
aris,72
aris,72
aris,72
aris,72
aris,72
aris,72
aris,72
aris,72
aris,72
aris,72
aris,72
aris,72
aris,73
aris,73
aris,73
aris,73
aris,73
aris,73
aris,73
aris,73
aris,73
aris,73
aris,73
aris,73
aris,73
aris,73
aris,73
aris,73
aris,73
aris,73
aris,73
aris,73
aris,73
aris,73
aris,73
aris,73
aris,73
aris,73
aris,73
aris,73
aris,73
aris,73
aris,73
aris,73
aris,73
aris,73
aris,73
aris,73
aris,73
aris,73
aris,73
aris,73
aris,73
aris,73
aris,73
aris,73
aris,73
aris,73
aris,73
aris,73
aris,73
aris,73
aris,73
aris,73
aris,73
aris,73
aris,73
aris,73
aris,73
aris,73
aris,73
aris,73
aris,73
aris,73
aris,74
aris,74
aris,74
aris,74
aris,74
aris,74
aris,74
aris,74
aris,74
aris,74
aris,74
aris,74
aris,74
aris,74
aris,74
aris,74
aris,74
aris,74
aris,74
aris,74
aris,74
aris,74
aris,74
aris,74
aris,74
aris,74
aris,74
aris,74
aris,74
aris,74
aris,74
aris,74
aris,74
aris,74
aris,74
aris,74
aris,74
aris,74
aris,74
aris,74
aris,74
aris,74
aris,74
aris,74
aris,75
aris,75
aris,75
aris,75
aris,75
aris,75
aris,75
aris,75
aris,75
aris,75
aris,75
aris,75
aris,75
aris,75
aris,75
aris,75
aris,75
aris,75
aris,75
aris,75
aris,75
aris,75
aris,75
aris,75
aris,75
aris,75
aris,75
aris,75
aris,75
aris,75
aris,75
aris,75
aris,75
aris,75
aris,75
aris,75
aris,75
aris,75
aris,75
aris,75
aris,75
aris,75
aris,75
aris,75
aris,75
aris,75
aris,75
aris,75
aris,75
aris,75
aris,75
aris,76
aris,76
aris,76
aris,76
aris,76
aris,76
aris,76
aris,76
aris,76
aris,76
aris,76
aris,76
aris,76
aris,76
aris,76
aris,76
aris,76
aris,76
aris,76
aris,76
aris,76
aris,76
aris,76
aris,76
aris,76
aris,76
aris,76
aris,76
aris,76
aris,76
aris,76
aris,76
aris,76
aris,76
aris,76
aris,76
aris,76
aris,76
aris,76
aris,76
aris,76
aris,76
aris,76
aris,76
aris,76
aris,76
aris,76
aris,76
aris,76
aris,77
aris,77
aris,77
aris,77
aris,77
aris,77
aris,77
aris,77
aris,77
aris,77
aris,77
aris,77
aris,77
aris,77
aris,77
aris,77
aris,77
aris,77
aris,77
aris,77
aris,77
aris,77
aris,77
aris,77
aris,77
aris,77
aris,77
aris,77
aris,77
aris,77
aris,77
aris,77
aris,77
aris,77
aris,77
aris,77
aris,77
aris,77
aris,77
aris,77
aris,77
aris,77
aris,77
aris,77
aris,77
aris,77
aris,77
aris,77
aris,78
aris,78
aris,78
aris,78
aris,78
aris,78
aris,78
aris,78
aris,78
aris,78
aris,78
aris,78
aris,78
aris,78
aris,78
aris,78
aris,78
aris,78
aris,78
aris,78
aris,78
aris,78
aris,78
aris,78
aris,78
aris,78
aris,78
aris,78
aris,78
aris,78
aris,78
aris,78
aris,78
aris,78
aris,79
aris,79
aris,79
aris,79
aris,79
aris,79
aris,79
aris,79
aris,79
aris,79
aris,79
aris,79
aris,79
aris,79
aris,79
aris,79
aris,79
aris,79
aris,79
aris,79
aris,79
aris,79
aris,79
aris,79
aris,79
aris,79
aris,79
aris,79
aris,79
aris,79
aris,79
aris,79
aris,79
aris,80
aris,80
aris,80
aris,80
aris,80
aris,80
aris,80
aris,80
aris,80
aris,80
aris,80
aris,80
aris,80
aris,80
aris,80
aris,80
aris,80
aris,80
aris,80
aris,80
aris,80
aris,80
aris,80
aris,80
aris,80
aris,80
aris,80
aris,80
aris,80
aris,80
aris,80
aris,80
aris,80
aris,80
aris,80
aris,80
aris,80
aris,80
aris,80
aris,80
aris,80
aris,80
aris,80
aris,80
aris,80
aris,80
aris,80
aris,80
aris,80
aris,81
aris,81
aris,81
aris,81
aris,81
aris,81
aris,81
aris,81
aris,81
aris,81
aris,81
aris,81
aris,81
aris,81
aris,81
aris,81
aris,81
aris,81
aris,81
aris,81
aris,81
aris,81
aris,81
aris,81
aris,81
aris,81
aris,81
aris,81
aris,81
aris,81
aris,81
aris,81
aris,81
aris,81
aris,81
aris,81
aris,82
aris,82
aris,82
aris,82
aris,82
aris,82
aris,82
aris,82
aris,82
aris,82
aris,82
aris,82
aris,82
aris,82
aris,82
aris,82
aris,82
aris,82
aris,82
aris,82
aris,82
aris,82
aris,82
aris,82
aris,82
aris,82
aris,82
aris,82
aris,82
aris,82
aris,82
aris,82
aris,82
aris,83
aris,83
aris,83
aris,83
aris,83
aris,83
aris,83
aris,83
aris,83
aris,83
aris,83
aris,83
aris,83
aris,83
aris,83
aris,83
aris,83
aris,83
aris,83
aris,83
aris,83
aris,83
aris,83
aris,84
aris,84
aris,84
aris,84
aris,84
aris,84
aris,84
aris,84
aris,84
aris,84
aris,84
aris,84
aris,84
aris,84
aris,84
aris,84
aris,84
aris,84
aris,84
aris,84
aris,84
aris,84
aris,84
aris,84
aris,84
aris,84
aris,84
aris,84
aris,85
aris,85
aris,85
aris,85
aris,85
aris,85
aris,85
aris,85
aris,85
aris,85
aris,85
aris,85
aris,85
aris,85
aris,85
aris,85
aris,85
aris,85
aris,85
aris,85
aris,85
aris,85
aris,85
aris,85
aris,85
aris,85
aris,85
aris,86
aris,86
aris,86
aris,86
aris,86
aris,86
aris,86
aris,86
aris,86
aris,86
aris,86
aris,86
aris,86
aris,86
aris,86
aris,86
aris,86
aris,86
aris,86
aris,86
aris,87
aris,87
aris,87
aris,87
aris,87
aris,87
aris,87
aris,87
aris,87
aris,87
aris,87
aris,87
aris,87
aris,87
aris,87
aris,87
aris,87
aris,87
aris,87
aris,87
aris,87
aris,87
aris,87
aris,87
aris,87
aris,87
aris,87
aris,87
aris,87
aris,87
aris,87
aris,87
aris,87
aris,88
aris,88
aris,88
aris,88
aris,88
aris,88
aris,88
aris,88
aris,88
aris,88
aris,88
aris,88
aris,88
aris,88
aris,88
aris,88
aris,89
aris,89
aris,89
aris,89
aris,89
aris,89
aris,89
aris,89
aris,89
aris,89
aris,89
aris,89
aris,89
aris,90
aris,90
aris,90
aris,90
aris,90
aris,90
aris,90
aris,90
aris,90
aris,90
aris,91
aris,91
aris,91
aris,91
aris,91
aris,91
aris,91
aris,92
aris,92
aris,92
aris,92
aris,93
aris,93
aris,93
aris,93
aris,94
aris,94
aris,94
aris,95
aris,95
aris,95
aris,96
aris,96
aris,97
aris,97
aris,98
aris,98
aris,98
aris,99
aris,100
aris,102
gent,21
gent,21
gent,21
gent,21
gent,21
gent,21
gent,21
gent,21
gent,21
gent,21
gent,21
gent,21
gent,21
gent,21
gent,21
gent,21
gent,21
gent,21
gent,21
gent,21
gent,22
gent,22
gent,22
gent,22
gent,22
gent,22
gent,22
gent,22
gent,22
gent,22
gent,22
gent,22
gent,22
gent,22
gent,22
gent,23
gent,23
gent,23
gent,23
gent,23
gent,23
gent,23
gent,23
gent,23
gent,23
gent,23
gent,23
gent,23
gent,23
gent,23
gent,23
gent,23
gent,23
gent,23
gent,23
gent,23
gent,23
gent,23
gent,23
gent,23
gent,23
gent,23
gent,23
gent,23
gent,23
gent,23
gent,23
gent,23
gent,23
gent,23
gent,23
gent,23
gent,23
gent,23
gent,24
gent,24
gent,24
gent,24
gent,24
gent,24
gent,24
gent,24
gent,24
gent,24
gent,24
gent,24
gent,24
gent,24
gent,24
gent,24
gent,24
gent,24
gent,24
gent,24
gent,24
gent,24
gent,24
gent,24
gent,24
gent,24
gent,24
gent,25
gent,25
gent,25
gent,25
gent,25
gent,25
gent,25
gent,25
gent,25
gent,25
gent,25
gent,25
gent,25
gent,25
gent,25
gent,25
gent,25
gent,25
gent,25
gent,25
gent,25
gent,25
gent,25
gent,25
gent,25
gent,25
gent,25
gent,25
gent,25
gent,25
gent,25
gent,25
gent,25
gent,25
gent,25
gent,25
gent,25
gent,25
gent,25
gent,25
gent,26
gent,26
gent,26
gent,26
gent,26
gent,26
gent,26
gent,26
gent,26
gent,26
gent,26
gent,26
gent,26
gent,26
gent,26
gent,26
gent,26
gent,26
gent,26
gent,26
gent,26
gent,26
gent,26
gent,26
gent,27
gent,27
gent,27
gent,27
gent,27
gent,27
gent,27
gent,27
gent,27
gent,27
gent,27
gent,27
gent,27
gent,27
gent,27
gent,27
gent,27
gent,27
gent,27
gent,27
gent,27
gent,27
gent,28
gent,28
gent,28
gent,28
gent,28
gent,28
gent,28
gent,28
gent,28
gent,28
gent,28
gent,28
gent,28
gent,28
gent,28
gent,28
gent,28
gent,28
gent,28
gent,28
gent,28
gent,28
gent,29
gent,29
gent,29
gent,29
gent,29
gent,29
gent,29
gent,29
gent,29
gent,29
gent,29
gent,29
gent,29
gent,29
gent,29
gent,29
gent,29
gent,29
gent,29
gent,29
gent,29
gent,30
gent,30
gent,30
gent,30
gent,30
gent,30
gent,30
gent,30
gent,30
gent,30
gent,30
gent,30
gent,30
gent,30
gent,30
gent,30
gent,30
gent,30
gent,30
gent,30
gent,30
gent,30
gent,30
gent,30
gent,30
gent,30
gent,30
gent,30
gent,30
gent,30
gent,30
gent,30
gent,31
gent,31
gent,31
gent,31
gent,31
gent,31
gent,31
gent,31
gent,31
gent,31
gent,31
gent,31
gent,31
gent,31
gent,31
gent,31
gent,31
gent,31
gent,32
gent,32
gent,32
gent,32
gent,32
gent,32
gent,32
gent,32
gent,32
gent,32
gent,32
gent,32
gent,32
gent,32
gent,32
gent,32
gent,32
gent,32
gent,32
gent,32
gent,32
gent,32
gent,32
gent,32
gent,32
gent,32
gent,32
gent,32
gent,32
gent,32
gent,33
gent,33
gent,33
gent,33
gent,33
gent,33
gent,33
gent,33
gent,33
gent,33
gent,33
gent,33
gent,33
gent,33
gent,33
gent,33
gent,33
gent,33
gent,33
gent,33
gent,34
gent,34
gent,34
gent,34
gent,34
gent,34
gent,34
gent,34
gent,34
gent,34
gent,34
gent,34
gent,34
gent,34
gent,34
gent,34
gent,34
gent,34
gent,34
gent,34
gent,34
gent,34
gent,34
gent,34
gent,34
gent,34
gent,34
gent,34
gent,35
gent,35
gent,35
gent,35
gent,35
gent,35
gent,35
gent,35
gent,35
gent,35
gent,35
gent,35
gent,35
gent,35
gent,35
gent,35
gent,35
gent,35
gent,35
gent,35
gent,35
gent,35
gent,35
gent,35
gent,35
gent,35
gent,35
gent,35
gent,35
gent,35
gent,35
gent,35
gent,35
gent,35
gent,35
gent,36
gent,36
gent,36
gent,36
gent,36
gent,36
gent,36
gent,36
gent,36
gent,36
gent,36
gent,36
gent,36
gent,36
gent,36
gent,36
gent,36
gent,36
gent,36
gent,36
gent,36
gent,36
gent,36
gent,36
gent,36
gent,36
gent,36
gent,36
gent,36
gent,36
gent,36
gent,36
gent,37
gent,37
gent,37
gent,37
gent,37
gent,37
gent,37
gent,37
gent,37
gent,37
gent,37
gent,37
gent,37
gent,37
gent,37
gent,37
gent,37
gent,37
gent,37
gent,37
gent,37
gent,37
gent,37
gent,37
gent,37
gent,37
gent,37
gent,37
gent,38
gent,38
gent,38
gent,38
gent,38
gent,38
gent,38
gent,38
gent,38
gent,38
gent,38
gent,38
gent,38
gent,38
gent,38
gent,38
gent,38
gent,38
gent,38
gent,38
gent,38
gent,38
gent,38
gent,38
gent,38
gent,38
gent,39
gent,39
gent,39
gent,39
gent,39
gent,39
gent,39
gent,39
gent,39
gent,39
gent,39
gent,39
gent,39
gent,39
gent,39
gent,39
gent,39
gent,39
gent,39
gent,39
gent,39
gent,39
gent,39
gent,39
gent,39
gent,39
gent,40
gent,40
gent,40
gent,40
gent,40
gent,40
gent,40
gent,40
gent,40
gent,40
gent,40
gent,40
gent,40
gent,40
gent,40
gent,40
gent,40
gent,40
gent,40
gent,40
gent,40
gent,40
gent,40
gent,40
gent,40
gent,40
gent,40
gent,40
gent,40
gent,40
gent,40
gent,40
gent,40
gent,40
gent,40
gent,40
gent,40
gent,40
gent,40
gent,41
gent,41
gent,41
gent,41
gent,41
gent,41
gent,41
gent,41
gent,41
gent,41
gent,41
gent,41
gent,41
gent,41
gent,41
gent,41
gent,41
gent,41
gent,41
gent,41
gent,41
gent,41
gent,42
gent,42
gent,42
gent,42
gent,42
gent,42
gent,42
gent,42
gent,42
gent,42
gent,42
gent,42
gent,42
gent,42
gent,42
gent,42
gent,42
gent,42
gent,42
gent,42
gent,42
gent,42
gent,43
gent,43
gent,43
gent,43
gent,43
gent,43
gent,43
gent,43
gent,43
gent,43
gent,43
gent,43
gent,43
gent,43
gent,43
gent,43
gent,43
gent,44
gent,44
gent,44
gent,44
gent,44
gent,44
gent,44
gent,44
gent,44
gent,44
gent,44
gent,44
gent,44
gent,44
gent,44
gent,44
gent,44
gent,44
gent,44
gent,44
gent,44
gent,44
gent,44
gent,44
gent,44
gent,44
gent,44
gent,44
gent,44
gent,44
gent,44
gent,44
gent,45
gent,45
gent,45
gent,45
gent,45
gent,45
gent,45
gent,45
gent,45
gent,45
gent,45
gent,45
gent,45
gent,45
gent,45
gent,45
gent,45
gent,45
gent,45
gent,45
gent,45
gent,45
gent,45
gent,45
gent,45
gent,45
gent,45
gent,45
gent,45
gent,45
gent,45
gent,45
gent,45
gent,45
gent,46
gent,46
gent,46
gent,46
gent,46
gent,46
gent,46
gent,46
gent,46
gent,46
gent,46
gent,46
gent,46
gent,46
gent,46
gent,46
gent,46
gent,46
gent,46
gent,46
gent,46
gent,46
gent,46
gent,47
gent,47
gent,47
gent,47
gent,47
gent,47
gent,47
gent,47
gent,47
gent,47
gent,47
gent,47
gent,47
gent,47
gent,47
gent,47
gent,47
gent,47
gent,47
gent,47
gent,47
gent,47
gent,47
gent,47
gent,47
gent,47
gent,47
gent,47
gent,47
gent,47
gent,47
gent,47
gent,47
gent,47
gent,48
gent,48
gent,48
gent,48
gent,48
gent,48
gent,48
gent,48
gent,48
gent,48
gent,48
gent,48
gent,48
gent,48
gent,48
gent,48
gent,48
gent,48
gent,48
gent,48
gent,48
gent,48
gent,48
gent,48
gent,48
gent,48
gent,48
gent,48
gent,49
gent,49
gent,49
gent,49
gent,49
gent,49
gent,49
gent,49
gent,49
gent,49
gent,49
gent,49
gent,49
gent,49
gent,49
gent,49
gent,49
gent,49
gent,49
gent,49
gent,49
gent,49
gent,49
gent,49
gent,49
gent,49
gent,49
gent,49
gent,49
gent,49
gent,49
gent,49
gent,49
gent,49
gent,49
gent,49
gent,49
gent,49
gent,49
gent,49
gent,49
gent,50
gent,50
gent,50
gent,50
gent,50
gent,50
gent,50
gent,50
gent,50
gent,50
gent,50
gent,50
gent,50
gent,50
gent,50
gent,50
gent,50
gent,50
gent,50
gent,50
gent,50
gent,50
gent,50
gent,50
gent,50
gent,50
gent,50
gent,50
gent,50
gent,50
gent,50
gent,50
gent,50
gent,51
gent,51
gent,51
gent,51
gent,51
gent,51
gent,51
gent,51
gent,51
gent,51
gent,51
gent,51
gent,51
gent,51
gent,51
gent,51
gent,51
gent,51
gent,51
gent,51
gent,51
gent,51
gent,51
gent,51
gent,51
gent,52
gent,52
gent,52
gent,52
gent,52
gent,52
gent,52
gent,52
gent,52
gent,52
gent,52
gent,52
gent,52
gent,52
gent,52
gent,52
gent,52
gent,52
gent,52
gent,52
gent,52
gent,52
gent,52
gent,52
gent,52
gent,52
gent,52
gent,52
gent,52
gent,52
gent,52
gent,52
gent,52
gent,52
gent,52
gent,52
gent,52
gent,52
gent,52
gent,52
gent,52
gent,52
gent,52
gent,52
gent,52
gent,52
gent,52
gent,52
gent,53
gent,53
gent,53
gent,53
gent,53
gent,53
gent,53
gent,53
gent,53
gent,53
gent,53
gent,53
gent,53
gent,53
gent,53
gent,53
gent,53
gent,53
gent,53
gent,53
gent,53
gent,53
gent,53
gent,53
gent,53
gent,53
gent,53
gent,53
gent,53
gent,53
gent,53
gent,53
gent,53
gent,53
gent,53
gent,53
gent,53
gent,54
gent,54
gent,54
gent,54
gent,54
gent,54
gent,54
gent,54
gent,54
gent,54
gent,54
gent,54
gent,54
gent,54
gent,54
gent,54
gent,54
gent,54
gent,54
gent,54
gent,54
gent,54
gent,54
gent,54
gent,54
gent,54
gent,54
gent,54
gent,54
gent,54
gent,54
gent,54
gent,54
gent,54
gent,54
gent,54
gent,54
gent,54
gent,54
gent,54
gent,54
gent,54
gent,54
gent,54
gent,54
gent,54
gent,54
gent,54
gent,54
gent,54
gent,54
gent,54
gent,54
gent,55
gent,55
gent,55
gent,55
gent,55
gent,55
gent,55
gent,55
gent,55
gent,55
gent,55
gent,55
gent,55
gent,55
gent,55
gent,55
gent,55
gent,55
gent,55
gent,55
gent,55
gent,55
gent,55
gent,55
gent,55
gent,55
gent,55
gent,55
gent,55
gent,55
gent,55
gent,55
gent,55
gent,55
gent,55
gent,56
gent,56
gent,56
gent,56
gent,56
gent,56
gent,56
gent,56
gent,56
gent,56
gent,56
gent,56
gent,56
gent,56
gent,56
gent,56
gent,56
gent,56
gent,56
gent,56
gent,56
gent,56
gent,56
gent,56
gent,56
gent,56
gent,56
gent,56
gent,56
gent,56
gent,56
gent,56
gent,56
gent,56
gent,56
gent,56
gent,56
gent,56
gent,56
gent,56
gent,56
gent,56
gent,56
gent,56
gent,56
gent,56
gent,56
gent,56
gent,56
gent,57
gent,57
gent,57
gent,57
gent,57
gent,57
gent,57
gent,57
gent,57
gent,57
gent,57
gent,57
gent,57
gent,57
gent,57
gent,57
gent,57
gent,57
gent,57
gent,57
gent,57
gent,57
gent,57
gent,57
gent,57
gent,57
gent,57
gent,57
gent,57
gent,57
gent,57
gent,57
gent,57
gent,57
gent,57
gent,57
gent,57
gent,57
gent,57
gent,57
gent,57
gent,57
gent,57
gent,57
gent,57
gent,57
gent,57
gent,57
gent,57
gent,57
gent,58
gent,58
gent,58
gent,58
gent,58
gent,58
gent,58
gent,58
gent,58
gent,58
gent,58
gent,58
gent,58
gent,58
gent,58
gent,58
gent,58
gent,58
gent,58
gent,58
gent,58
gent,58
gent,58
gent,58
gent,58
gent,58
gent,58
gent,58
gent,58
gent,58
gent,58
gent,58
gent,58
gent,58
gent,58
gent,58
gent,58
gent,58
gent,58
gent,58
gent,58
gent,58
gent,58
gent,58
gent,58
gent,58
gent,58
gent,58
gent,58
gent,58
gent,59
gent,59
gent,59
gent,59
gent,59
gent,59
gent,59
gent,59
gent,59
gent,59
gent,59
gent,59
gent,59
gent,59
gent,59
gent,59
gent,59
gent,59
gent,59
gent,59
gent,59
gent,59
gent,59
gent,59
gent,59
gent,59
gent,59
gent,59
gent,59
gent,59
gent,59
gent,59
gent,59
gent,59
gent,59
gent,59
gent,59
gent,59
gent,59
gent,60
gent,60
gent,60
gent,60
gent,60
gent,60
gent,60
gent,60
gent,60
gent,60
gent,60
gent,60
gent,60
gent,60
gent,60
gent,60
gent,60
gent,60
gent,60
gent,60
gent,60
gent,60
gent,60
gent,60
gent,60
gent,60
gent,60
gent,60
gent,60
gent,60
gent,60
gent,60
gent,60
gent,60
gent,60
gent,60
gent,60
gent,60
gent,60
gent,60
gent,60
gent,60
gent,61
gent,61
gent,61
gent,61
gent,61
gent,61
gent,61
gent,61
gent,61
gent,61
gent,61
gent,61
gent,61
gent,61
gent,61
gent,61
gent,61
gent,61
gent,61
gent,61
gent,61
gent,61
gent,61
gent,61
gent,61
gent,61
gent,61
gent,61
gent,61
gent,61
gent,61
gent,61
gent,61
gent,61
gent,61
gent,61
gent,61
gent,61
gent,61
gent,61
gent,61
gent,61
gent,61
gent,61
gent,61
gent,61
gent,62
gent,62
gent,62
gent,62
gent,62
gent,62
gent,62
gent,62
gent,62
gent,62
gent,62
gent,62
gent,62
gent,62
gent,62
gent,62
gent,62
gent,62
gent,62
gent,62
gent,62
gent,62
gent,62
gent,62
gent,62
gent,62
gent,62
gent,62
gent,62
gent,62
gent,62
gent,62
gent,62
gent,62
gent,62
gent,62
gent,62
gent,62
gent,62
gent,62
gent,62
gent,62
gent,62
gent,62
gent,62
gent,62
gent,62
gent,63
gent,63
gent,63
gent,63
gent,63
gent,63
gent,63
gent,63
gent,63
gent,63
gent,63
gent,63
gent,63
gent,63
gent,63
gent,63
gent,63
gent,63
gent,63
gent,63
gent,63
gent,63
gent,63
gent,63
gent,63
gent,63
gent,63
gent,63
gent,63
gent,63
gent,63
gent,63
gent,63
gent,63
gent,63
gent,63
gent,63
gent,63
gent,63
gent,63
gent,63
gent,63
gent,63
gent,63
gent,63
gent,63
gent,63
gent,63
gent,63
gent,63
gent,63
gent,63
gent,63
gent,63
gent,63
gent,63
gent,63
gent,63
gent,63
gent,63
gent,63
gent,63
gent,63
gent,63
gent,63
gent,63
gent,63
gent,63
gent,63
gent,63
gent,63
gent,63
gent,64
gent,64
gent,64
gent,64
gent,64
gent,64
gent,64
gent,64
gent,64
gent,64
gent,64
gent,64
gent,64
gent,64
gent,64
gent,64
gent,64
gent,64
gent,64
gent,64
gent,64
gent,64
gent,64
gent,64
gent,64
gent,64
gent,64
gent,64
gent,64
gent,64
gent,64
gent,64
gent,64
gent,64
gent,64
gent,64
gent,64
gent,64
gent,64
gent,64
gent,64
gent,64
gent,64
gent,64
gent,64
gent,64
gent,64
gent,64
gent,64
gent,64
gent,64
gent,65
gent,65
gent,65
gent,65
gent,65
gent,65
gent,65
gent,65
gent,65
gent,65
gent,65
gent,65
gent,65
gent,65
gent,65
gent,65
gent,65
gent,65
gent,65
gent,65
gent,65
gent,65
gent,65
gent,65
gent,65
gent,65
gent,65
gent,65
gent,65
gent,65
gent,65
gent,65
gent,65
gent,65
gent,65
gent,65
gent,65
gent,65
gent,65
gent,65
gent,65
gent,65
gent,65
gent,65
gent,65
gent,65
gent,65
gent,65
gent,65
gent,65
gent,65
gent,65
gent,66
gent,66
gent,66
gent,66
gent,66
gent,66
gent,66
gent,66
gent,66
gent,66
gent,66
gent,66
gent,66
gent,66
gent,66
gent,66
gent,66
gent,66
gent,66
gent,66
gent,66
gent,66
gent,66
gent,66
gent,66
gent,66
gent,66
gent,66
gent,66
gent,66
gent,66
gent,66
gent,66
gent,66
gent,66
gent,66
gent,66
gent,66
gent,66
gent,66
gent,66
gent,66
gent,66
gent,66
gent,66
gent,66
gent,66
gent,66
gent,66
gent,66
gent,66
gent,66
gent,66
gent,66
gent,66
gent,66
gent,66
gent,66
gent,66
gent,66
gent,67
gent,67
gent,67
gent,67
gent,67
gent,67
gent,67
gent,67
gent,67
gent,67
gent,67
gent,67
gent,67
gent,67
gent,67
gent,67
gent,67
gent,67
gent,67
gent,67
gent,67
gent,67
gent,67
gent,67
gent,67
gent,67
gent,67
gent,67
gent,67
gent,67
gent,67
gent,67
gent,67
gent,67
gent,67
gent,67
gent,67
gent,67
gent,67
gent,67
gent,67
gent,67
gent,67
gent,67
gent,67
gent,67
gent,67
gent,67
gent,67
gent,67
gent,67
gent,67
gent,68
gent,68
gent,68
gent,68
gent,68
gent,68
gent,68
gent,68
gent,68
gent,68
gent,68
gent,68
gent,68
gent,68
gent,68
gent,68
gent,68
gent,68
gent,68
gent,68
gent,68
gent,68
gent,68
gent,68
gent,68
gent,68
gent,68
gent,68
gent,68
gent,68
gent,68
gent,68
gent,68
gent,68
gent,68
gent,68
gent,68
gent,68
gent,68
gent,68
gent,68
gent,68
gent,68
gent,68
gent,69
gent,69
gent,69
gent,69
gent,69
gent,69
gent,69
gent,69
gent,69
gent,69
gent,69
gent,69
gent,69
gent,69
gent,69
gent,69
gent,69
gent,69
gent,69
gent,69
gent,69
gent,69
gent,69
gent,69
gent,69
gent,69
gent,69
gent,69
gent,69
gent,69
gent,69
gent,69
gent,69
gent,69
gent,69
gent,69
gent,69
gent,69
gent,69
gent,69
gent,69
gent,69
gent,69
gent,69
gent,69
gent,69
gent,69
gent,69
gent,69
gent,69
gent,70
gent,70
gent,70
gent,70
gent,70
gent,70
gent,70
gent,70
gent,70
gent,70
gent,70
gent,70
gent,70
gent,70
gent,70
gent,70
gent,70
gent,70
gent,70
gent,70
gent,70
gent,70
gent,70
gent,70
gent,70
gent,70
gent,70
gent,70
gent,70
gent,70
gent,70
gent,70
gent,70
gent,70
gent,70
gent,70
gent,70
gent,70
gent,70
gent,70
gent,70
gent,70
gent,70
gent,70
gent,70
gent,70
gent,70
gent,70
gent,70
gent,70
gent,70
gent,70
gent,70
gent,70
gent,70
gent,70
gent,70
gent,70
gent,70
gent,70
gent,70
gent,70
gent,70
gent,70
gent,71
gent,71
gent,71
gent,71
gent,71
gent,71
gent,71
gent,71
gent,71
gent,71
gent,71
gent,71
gent,71
gent,71
gent,71
gent,71
gent,71
gent,71
gent,71
gent,71
gent,71
gent,71
gent,71
gent,71
gent,71
gent,71
gent,71
gent,71
gent,71
gent,71
gent,71
gent,71
gent,71
gent,71
gent,71
gent,71
gent,71
gent,71
gent,71
gent,71
gent,71
gent,71
gent,71
gent,71
gent,71
gent,71
gent,71
gent,71
gent,71
gent,71
gent,71
gent,71
gent,71
gent,71
gent,71
gent,71
gent,71
gent,71
gent,71
gent,71
gent,71
gent,71
gent,72
gent,72
gent,72
gent,72
gent,72
gent,72
gent,72
gent,72
gent,72
gent,72
gent,72
gent,72
gent,72
gent,72
gent,72
gent,72
gent,72
gent,72
gent,72
gent,72
gent,72
gent,72
gent,72
gent,72
gent,72
gent,72
gent,72
gent,72
gent,72
gent,72
gent,72
gent,72
gent,72
gent,72
gent,72
gent,72
gent,72
gent,72
gent,72
gent,72
gent,72
gent,72
gent,72
gent,72
gent,72
gent,72
gent,72
gent,72
gent,72
gent,72
gent,72
gent,72
gent,72
gent,72
gent,72
gent,72
gent,72
gent,72
gent,72
gent,72
gent,72
gent,72
gent,73
gent,73
gent,73
gent,73
gent,73
gent,73
gent,73
gent,73
gent,73
gent,73
gent,73
gent,73
gent,73
gent,73
gent,73
gent,73
gent,73
gent,73
gent,73
gent,73
gent,73
gent,73
gent,73
gent,73
gent,73
gent,73
gent,73
gent,73
gent,73
gent,73
gent,73
gent,73
gent,73
gent,73
gent,73
gent,73
gent,73
gent,73
gent,73
gent,73
gent,73
gent,73
gent,73
gent,73
gent,73
gent,73
gent,73
gent,73
gent,74
gent,74
gent,74
gent,74
gent,74
gent,74
gent,74
gent,74
gent,74
gent,74
gent,74
gent,74
gent,74
gent,74
gent,74
gent,74
gent,74
gent,74
gent,74
gent,74
gent,74
gent,74
gent,74
gent,74
gent,74
gent,74
gent,74
gent,74
gent,74
gent,74
gent,74
gent,74
gent,74
gent,74
gent,74
gent,74
gent,74
gent,74
gent,74
gent,74
gent,74
gent,74
gent,74
gent,74
gent,75
gent,75
gent,75
gent,75
gent,75
gent,75
gent,75
gent,75
gent,75
gent,75
gent,75
gent,75
gent,75
gent,75
gent,75
gent,75
gent,75
gent,75
gent,75
gent,75
gent,75
gent,75
gent,75
gent,75
gent,75
gent,75
gent,75
gent,75
gent,75
gent,75
gent,75
gent,75
gent,75
gent,75
gent,75
gent,75
gent,75
gent,75
gent,75
gent,75
gent,75
gent,75
gent,75
gent,75
gent,76
gent,76
gent,76
gent,76
gent,76
gent,76
gent,76
gent,76
gent,76
gent,76
gent,76
gent,76
gent,76
gent,76
gent,76
gent,76
gent,76
gent,76
gent,76
gent,76
gent,76
gent,76
gent,76
gent,76
gent,76
gent,76
gent,76
gent,76
gent,76
gent,76
gent,76
gent,76
gent,76
gent,76
gent,76
gent,76
gent,76
gent,76
gent,76
gent,76
gent,76
gent,76
gent,76
gent,76
gent,77
gent,77
gent,77
gent,77
gent,77
gent,77
gent,77
gent,77
gent,77
gent,77
gent,77
gent,77
gent,77
gent,77
gent,77
gent,77
gent,77
gent,77
gent,77
gent,77
gent,77
gent,77
gent,77
gent,77
gent,77
gent,77
gent,77
gent,77
gent,77
gent,77
gent,77
gent,77
gent,77
gent,77
gent,77
gent,77
gent,77
gent,77
gent,77
gent,77
gent,77
gent,77
gent,77
gent,77
gent,78
gent,78
gent,78
gent,78
gent,78
gent,78
gent,78
gent,78
gent,78
gent,78
gent,78
gent,78
gent,78
gent,78
gent,78
gent,78
gent,78
gent,78
gent,78
gent,78
gent,78
gent,78
gent,78
gent,78
gent,78
gent,78
gent,78
gent,78
gent,78
gent,78
gent,78
gent,78
gent,78
gent,78
gent,78
gent,79
gent,79
gent,79
gent,79
gent,79
gent,79
gent,79
gent,79
gent,79
gent,79
gent,79
gent,79
gent,79
gent,79
gent,79
gent,79
gent,79
gent,79
gent,79
gent,79
gent,79
gent,79
gent,79
gent,79
gent,79
gent,79
gent,79
gent,79
gent,79
gent,79
gent,79
gent,79
gent,79
gent,79
gent,79
gent,79
gent,79
gent,79
gent,79
gent,79
gent,79
gent,79
gent,79
gent,79
gent,80
gent,80
gent,80
gent,80
gent,80
gent,80
gent,80
gent,80
gent,80
gent,80
gent,80
gent,80
gent,80
gent,80
gent,80
gent,80
gent,80
gent,80
gent,80
gent,80
gent,80
gent,80
gent,80
gent,80
gent,80
gent,80
gent,80
gent,80
gent,80
gent,80
gent,80
gent,81
gent,81
gent,81
gent,81
gent,81
gent,81
gent,81
gent,81
gent,81
gent,81
gent,81
gent,81
gent,81
gent,81
gent,81
gent,81
gent,81
gent,81
gent,81
gent,81
gent,81
gent,81
gent,81
gent,81
gent,82
gent,82
gent,82
gent,82
gent,82
gent,82
gent,82
gent,82
gent,82
gent,82
gent,82
gent,82
gent,82
gent,82
gent,82
gent,82
gent,82
gent,82
gent,82
gent,82
gent,82
gent,82
gent,82
gent,82
gent,82
gent,83
gent,83
gent,83
gent,83
gent,83
gent,83
gent,83
gent,83
gent,83
gent,83
gent,83
gent,83
gent,83
gent,83
gent,83
gent,83
gent,83
gent,83
gent,83
gent,83
gent,83
gent,83
gent,83
gent,84
gent,84
gent,84
gent,84
gent,84
gent,84
gent,84
gent,84
gent,84
gent,84
gent,84
gent,84
gent,84
gent,84
gent,84
gent,84
gent,84
gent,84
gent,84
gent,84
gent,84
gent,84
gent,84
gent,84
gent,84
gent,84
gent,85
gent,85
gent,85
gent,85
gent,85
gent,85
gent,85
gent,85
gent,85
gent,85
gent,85
gent,85
gent,86
gent,86
gent,86
gent,86
gent,86
gent,86
gent,86
gent,86
gent,86
gent,86
gent,86
gent,86
gent,86
gent,86
gent,86
gent,86
gent,86
gent,87
gent,87
gent,87
gent,87
gent,87
gent,87
gent,87
gent,87
gent,87
gent,87
gent,87
gent,87
gent,87
gent,88
gent,88
gent,88
gent,88
gent,88
gent,88
gent,88
gent,88
gent,88
gent,88
gent,88
gent,88
gent,88
gent,88
gent,88
gent,89
gent,89
gent,89
gent,89
gent,89
gent,89
gent,89
gent,89
gent,89
gent,89
gent,90
gent,90
gent,90
gent,90
gent,90
gent,90
gent,90
gent,91
gent,91
gent,91
gent,91
gent,92
gent,92
gent,92
gent,92
gent,92
gent,92
gent,92
gent,93
gent,93
gent,94
gent,95
gent,95
gent,95
gent,95
gent,96
gent,96
gent,96
gent,97
gent,97
gent,99
gent,99
gent,100
gent,100
gent,100
gent,102
sovr,21
sovr,21
sovr,21
sovr,21
sovr,21
sovr,21
sovr,21
sovr,21
sovr,21
sovr,21
sovr,22
sovr,22
sovr,22
sovr,22
sovr,22
sovr,22
sovr,22
sovr,22
sovr,22
sovr,23
sovr,23
sovr,23
sovr,23
sovr,23
sovr,23
sovr,23
sovr,23
sovr,23
sovr,23
sovr,23
sovr,24
sovr,24
sovr,24
sovr,24
sovr,24
sovr,24
sovr,24
sovr,24
sovr,24
sovr,24
sovr,24
sovr,24
sovr,24
sovr,24
sovr,25
sovr,25
sovr,25
sovr,25
sovr,25
sovr,25
sovr,25
sovr,25
sovr,25
sovr,25
sovr,25
sovr,25
sovr,25
sovr,25
sovr,25
sovr,25
sovr,26
sovr,26
sovr,26
sovr,26
sovr,26
sovr,26
sovr,26
sovr,26
sovr,26
sovr,26
sovr,26
sovr,26
sovr,26
sovr,26
sovr,26
sovr,26
sovr,26
sovr,27
sovr,27
sovr,27
sovr,27
sovr,27
sovr,27
sovr,27
sovr,27
sovr,27
sovr,27
sovr,28
sovr,28
sovr,28
sovr,28
sovr,28
sovr,28
sovr,28
sovr,28
sovr,28
sovr,28
sovr,28
sovr,28
sovr,28
sovr,28
sovr,28
sovr,28
sovr,28
sovr,28
sovr,28
sovr,28
sovr,29
sovr,29
sovr,29
sovr,29
sovr,29
sovr,29
sovr,29
sovr,29
sovr,29
sovr,29
sovr,29
sovr,29
sovr,30
sovr,30
sovr,30
sovr,30
sovr,30
sovr,30
sovr,30
sovr,30
sovr,30
sovr,30
sovr,30
sovr,30
sovr,30
sovr,30
sovr,30
sovr,30
sovr,30
sovr,31
sovr,31
sovr,31
sovr,31
sovr,31
sovr,31
sovr,31
sovr,31
sovr,31
sovr,31
sovr,31
sovr,31
sovr,31
sovr,31
sovr,31
sovr,31
sovr,31
sovr,31
sovr,31
sovr,31
sovr,32
sovr,32
sovr,32
sovr,32
sovr,32
sovr,32
sovr,32
sovr,32
sovr,32
sovr,32
sovr,32
sovr,32
sovr,32
sovr,32
sovr,33
sovr,33
sovr,33
sovr,33
sovr,33
sovr,33
sovr,33
sovr,33
sovr,33
sovr,33
sovr,33
sovr,33
sovr,33
sovr,33
sovr,33
sovr,33
sovr,33
sovr,33
sovr,33
sovr,33
sovr,33
sovr,34
sovr,34
sovr,34
sovr,34
sovr,34
sovr,34
sovr,34
sovr,34
sovr,34
sovr,34
sovr,34
sovr,34
sovr,34
sovr,34
sovr,34
sovr,34
sovr,35
sovr,35
sovr,35
sovr,35
sovr,35
sovr,35
sovr,35
sovr,35
sovr,35
sovr,35
sovr,35
sovr,35
sovr,35
sovr,35
sovr,35
sovr,35
sovr,35
sovr,36
sovr,36
sovr,36
sovr,36
sovr,36
sovr,36
sovr,36
sovr,36
sovr,36
sovr,36
sovr,36
sovr,36
sovr,36
sovr,36
sovr,37
sovr,37
sovr,37
sovr,37
sovr,37
sovr,37
sovr,37
sovr,37
sovr,37
sovr,37
sovr,37
sovr,37
sovr,37
sovr,37
sovr,37
sovr,37
sovr,37
sovr,37
sovr,37
sovr,38
sovr,38
sovr,38
sovr,38
sovr,38
sovr,38
sovr,38
sovr,38
sovr,38
sovr,38
sovr,38
sovr,38
sovr,38
sovr,38
sovr,38
sovr,38
sovr,38
sovr,38
sovr,38
sovr,38
sovr,38
sovr,38
sovr,39
sovr,39
sovr,39
sovr,39
sovr,39
sovr,39
sovr,39
sovr,39
sovr,39
sovr,39
sovr,39
sovr,39
sovr,39
sovr,39
sovr,39
sovr,39
sovr,39
sovr,39
sovr,39
sovr,39
sovr,40
sovr,40
sovr,40
sovr,40
sovr,40
sovr,40
sovr,40
sovr,40
sovr,40
sovr,40
sovr,40
sovr,40
sovr,40
sovr,40
sovr,40
sovr,40
sovr,40
sovr,40
sovr,40
sovr,40
sovr,40
sovr,40
sovr,40
sovr,40
sovr,40
sovr,40
sovr,40
sovr,40
sovr,40
sovr,40
sovr,40
sovr,40
sovr,41
sovr,41
sovr,41
sovr,41
sovr,41
sovr,41
sovr,41
sovr,41
sovr,41
sovr,42
sovr,42
sovr,42
sovr,42
sovr,42
sovr,42
sovr,42
sovr,42
sovr,42
sovr,42
sovr,42
sovr,42
sovr,42
sovr,42
sovr,43
sovr,43
sovr,43
sovr,43
sovr,43
sovr,43
sovr,43
sovr,43
sovr,43
sovr,43
sovr,43
sovr,43
sovr,43
sovr,43
sovr,43
sovr,43
sovr,43
sovr,43
sovr,43
sovr,43
sovr,43
sovr,43
sovr,43
sovr,43
sovr,44
sovr,44
sovr,44
sovr,44
sovr,44
sovr,44
sovr,44
sovr,44
sovr,44
sovr,44
sovr,44
sovr,44
sovr,44
sovr,44
sovr,44
sovr,44
sovr,44
sovr,44
sovr,44
sovr,44
sovr,44
sovr,44
sovr,45
sovr,45
sovr,45
sovr,45
sovr,45
sovr,45
sovr,45
sovr,45
sovr,45
sovr,45
sovr,45
sovr,45
sovr,45
sovr,45
sovr,45
sovr,45
sovr,45
sovr,45
sovr,45
sovr,45
sovr,45
sovr,45
sovr,45
sovr,45
sovr,45
sovr,45
sovr,45
sovr,45
sovr,45
sovr,45
sovr,45
sovr,45
sovr,45
sovr,45
sovr,45
sovr,46
sovr,46
sovr,46
sovr,46
sovr,46
sovr,46
sovr,46
sovr,46
sovr,46
sovr,46
sovr,46
sovr,46
sovr,46
sovr,46
sovr,46
sovr,46
sovr,46
sovr,46
sovr,46
sovr,46
sovr,46
sovr,46
sovr,46
sovr,47
sovr,47
sovr,47
sovr,47
sovr,47
sovr,47
sovr,47
sovr,47
sovr,47
sovr,47
sovr,47
sovr,47
sovr,47
sovr,47
sovr,47
sovr,47
sovr,47
sovr,47
sovr,47
sovr,47
sovr,47
sovr,48
sovr,48
sovr,48
sovr,48
sovr,48
sovr,48
sovr,48
sovr,48
sovr,48
sovr,48
sovr,48
sovr,48
sovr,48
sovr,48
sovr,48
sovr,48
sovr,48
sovr,48
sovr,48
sovr,48
sovr,48
sovr,48
sovr,48
sovr,48
sovr,48
sovr,48
sovr,48
sovr,48
sovr,48
sovr,48
sovr,49
sovr,49
sovr,49
sovr,49
sovr,49
sovr,49
sovr,49
sovr,49
sovr,49
sovr,49
sovr,49
sovr,49
sovr,49
sovr,49
sovr,49
sovr,49
sovr,49
sovr,49
sovr,49
sovr,49
sovr,49
sovr,49
sovr,49
sovr,49
sovr,49
sovr,49
sovr,49
sovr,49
sovr,49
sovr,49
sovr,49
sovr,50
sovr,50
sovr,50
sovr,50
sovr,50
sovr,50
sovr,50
sovr,50
sovr,50
sovr,50
sovr,50
sovr,50
sovr,50
sovr,50
sovr,50
sovr,50
sovr,50
sovr,50
sovr,50
sovr,50
sovr,50
sovr,50
sovr,50
sovr,50
sovr,50
sovr,51
sovr,51
sovr,51
sovr,51
sovr,51
sovr,51
sovr,51
sovr,51
sovr,51
sovr,51
sovr,51
sovr,51
sovr,51
sovr,51
sovr,51
sovr,51
sovr,51
sovr,51
sovr,51
sovr,51
sovr,51
sovr,51
sovr,51
sovr,51
sovr,51
sovr,52
sovr,52
sovr,52
sovr,52
sovr,52
sovr,52
sovr,52
sovr,52
sovr,52
sovr,52
sovr,52
sovr,52
sovr,52
sovr,52
sovr,52
sovr,52
sovr,52
sovr,52
sovr,52
sovr,52
sovr,52
sovr,52
sovr,52
sovr,52
sovr,52
sovr,52
sovr,52
sovr,52
sovr,52
sovr,52
sovr,52
sovr,52
sovr,52
sovr,52
sovr,53
sovr,53
sovr,53
sovr,53
sovr,53
sovr,53
sovr,53
sovr,53
sovr,53
sovr,53
sovr,53
sovr,53
sovr,53
sovr,53
sovr,53
sovr,53
sovr,53
sovr,53
sovr,53
sovr,53
sovr,53
sovr,53
sovr,53
sovr,53
sovr,53
sovr,53
sovr,53
sovr,53
sovr,53
sovr,53
sovr,53
sovr,53
sovr,53
sovr,53
sovr,53
sovr,53
sovr,53
sovr,53
sovr,53
sovr,54
sovr,54
sovr,54
sovr,54
sovr,54
sovr,54
sovr,54
sovr,54
sovr,54
sovr,54
sovr,54
sovr,54
sovr,54
sovr,54
sovr,54
sovr,54
sovr,54
sovr,54
sovr,54
sovr,55
sovr,55
sovr,55
sovr,55
sovr,55
sovr,55
sovr,55
sovr,55
sovr,55
sovr,55
sovr,55
sovr,55
sovr,55
sovr,55
sovr,55
sovr,55
sovr,55
sovr,55
sovr,55
sovr,55
sovr,55
sovr,55
sovr,55
sovr,55
sovr,55
sovr,55
sovr,55
sovr,55
sovr,55
sovr,55
sovr,55
sovr,55
sovr,56
sovr,56
sovr,56
sovr,56
sovr,56
sovr,56
sovr,56
sovr,56
sovr,56
sovr,56
sovr,56
sovr,56
sovr,56
sovr,56
sovr,56
sovr,56
sovr,56
sovr,56
sovr,56
sovr,56
sovr,56
sovr,56
sovr,56
sovr,56
sovr,56
sovr,56
sovr,56
sovr,56
sovr,56
sovr,56
sovr,56
sovr,56
sovr,56
sovr,56
sovr,56
sovr,56
sovr,56
sovr,56
sovr,56
sovr,56
sovr,56
sovr,56
sovr,56
sovr,57
sovr,57
sovr,57
sovr,57
sovr,57
sovr,57
sovr,57
sovr,57
sovr,57
sovr,57
sovr,57
sovr,57
sovr,57
sovr,57
sovr,57
sovr,57
sovr,57
sovr,57
sovr,57
sovr,57
sovr,57
sovr,57
sovr,57
sovr,57
sovr,57
sovr,57
sovr,57
sovr,57
sovr,58
sovr,58
sovr,58
sovr,58
sovr,58
sovr,58
sovr,58
sovr,58
sovr,58
sovr,58
sovr,58
sovr,58
sovr,58
sovr,58
sovr,58
sovr,58
sovr,58
sovr,58
sovr,58
sovr,58
sovr,58
sovr,58
sovr,58
sovr,58
sovr,58
sovr,58
sovr,58
sovr,58
sovr,58
sovr,58
sovr,58
sovr,58
sovr,58
sovr,59
sovr,59
sovr,59
sovr,59
sovr,59
sovr,59
sovr,59
sovr,59
sovr,59
sovr,59
sovr,59
sovr,59
sovr,59
sovr,59
sovr,59
sovr,59
sovr,59
sovr,59
sovr,59
sovr,59
sovr,59
sovr,59
sovr,59
sovr,59
sovr,59
sovr,59
sovr,59
sovr,59
sovr,59
sovr,59
sovr,59
sovr,60
sovr,60
sovr,60
sovr,60
sovr,60
sovr,60
sovr,60
sovr,60
sovr,60
sovr,60
sovr,60
sovr,60
sovr,60
sovr,60
sovr,60
sovr,60
sovr,60
sovr,60
sovr,60
sovr,60
sovr,60
sovr,60
sovr,60
sovr,60
sovr,60
sovr,60
sovr,60
sovr,60
sovr,60
sovr,60
sovr,60
sovr,60
sovr,60
sovr,60
sovr,60
sovr,60
sovr,60
sovr,60
sovr,60
sovr,60
sovr,60
sovr,60
sovr,60
sovr,60
sovr,60
sovr,60
sovr,60
sovr,60
sovr,60
sovr,60
sovr,60
sovr,60
sovr,60
sovr,60
sovr,61
sovr,61
sovr,61
sovr,61
sovr,61
sovr,61
sovr,61
sovr,61
sovr,61
sovr,61
sovr,61
sovr,61
sovr,61
sovr,61
sovr,61
sovr,61
sovr,61
sovr,61
sovr,61
sovr,61
sovr,61
sovr,61
sovr,61
sovr,61
sovr,61
sovr,61
sovr,61
sovr,61
sovr,61
sovr,61
sovr,62
sovr,62
sovr,62
sovr,62
sovr,62
sovr,62
sovr,62
sovr,62
sovr,62
sovr,62
sovr,62
sovr,62
sovr,62
sovr,62
sovr,62
sovr,62
sovr,62
sovr,62
sovr,62
sovr,62
sovr,62
sovr,62
sovr,62
sovr,62
sovr,62
sovr,62
sovr,62
sovr,62
sovr,62
sovr,62
sovr,62
sovr,62
sovr,62
sovr,63
sovr,63
sovr,63
sovr,63
sovr,63
sovr,63
sovr,63
sovr,63
sovr,63
sovr,63
sovr,63
sovr,63
sovr,63
sovr,63
sovr,63
sovr,63
sovr,63
sovr,63
sovr,63
sovr,63
sovr,63
sovr,63
sovr,63
sovr,63
sovr,63
sovr,63
sovr,63
sovr,63
sovr,63
sovr,63
sovr,63
sovr,63
sovr,63
sovr,64
sovr,64
sovr,64
sovr,64
sovr,64
sovr,64
sovr,64
sovr,64
sovr,64
sovr,64
sovr,64
sovr,64
sovr,64
sovr,64
sovr,64
sovr,64
sovr,64
sovr,64
sovr,64
sovr,64
sovr,64
sovr,64
sovr,64
sovr,64
sovr,64
sovr,64
sovr,64
sovr,64
sovr,64
sovr,64
sovr,64
sovr,64
sovr,65
sovr,65
sovr,65
sovr,65
sovr,65
sovr,65
sovr,65
sovr,65
sovr,65
sovr,65
sovr,65
sovr,65
sovr,65
sovr,65
sovr,65
sovr,65
sovr,65
sovr,65
sovr,65
sovr,65
sovr,65
sovr,65
sovr,65
sovr,65
sovr,65
sovr,65
sovr,65
sovr,65
sovr,65
sovr,65
sovr,65
sovr,65
sovr,65
sovr,65
sovr,66
sovr,66
sovr,66
sovr,66
sovr,66
sovr,66
sovr,66
sovr,66
sovr,66
sovr,66
sovr,66
sovr,66
sovr,66
sovr,66
sovr,66
sovr,66
sovr,66
sovr,66
sovr,66
sovr,66
sovr,66
sovr,66
sovr,66
sovr,66
sovr,66
sovr,66
sovr,66
sovr,66
sovr,66
sovr,66
sovr,66
sovr,66
sovr,66
sovr,66
sovr,66
sovr,66
sovr,66
sovr,66
sovr,66
sovr,66
sovr,66
sovr,67
sovr,67
sovr,67
sovr,67
sovr,67
sovr,67
sovr,67
sovr,67
sovr,67
sovr,67
sovr,67
sovr,67
sovr,67
sovr,67
sovr,67
sovr,67
sovr,67
sovr,67
sovr,67
sovr,67
sovr,67
sovr,67
sovr,68
sovr,68
sovr,68
sovr,68
sovr,68
sovr,68
sovr,68
sovr,68
sovr,68
sovr,68
sovr,68
sovr,68
sovr,68
sovr,68
sovr,68
sovr,68
sovr,68
sovr,68
sovr,68
sovr,68
sovr,68
sovr,68
sovr,68
sovr,68
sovr,68
sovr,68
sovr,69
sovr,69
sovr,69
sovr,69
sovr,69
sovr,69
sovr,69
sovr,69
sovr,69
sovr,69
sovr,69
sovr,69
sovr,69
sovr,69
sovr,69
sovr,69
sovr,69
sovr,69
sovr,69
sovr,69
sovr,69
sovr,69
sovr,69
sovr,69
sovr,69
sovr,69
sovr,69
sovr,69
sovr,69
sovr,70
sovr,70
sovr,70
sovr,70
sovr,70
sovr,70
sovr,70
sovr,70
sovr,70
sovr,70
sovr,70
sovr,70
sovr,70
sovr,70
sovr,70
sovr,70
sovr,70
sovr,70
sovr,70
sovr,70
sovr,70
sovr,70
sovr,70
sovr,70
sovr,70
sovr,70
sovr,70
sovr,70
sovr,70
sovr,70
sovr,70
sovr,70
sovr,70
sovr,71
sovr,71
sovr,71
sovr,71
sovr,71
sovr,71
sovr,71
sovr,71
sovr,71
sovr,71
sovr,71
sovr,71
sovr,71
sovr,71
sovr,71
sovr,71
sovr,71
sovr,71
sovr,71
sovr,71
sovr,71
sovr,71
sovr,72
sovr,72
sovr,72
sovr,72
sovr,72
sovr,72
sovr,72
sovr,72
sovr,72
sovr,72
sovr,72
sovr,72
sovr,72
sovr,72
sovr,72
sovr,72
sovr,72
sovr,72
sovr,73
sovr,73
sovr,73
sovr,73
sovr,73
sovr,73
sovr,73
sovr,73
sovr,73
sovr,73
sovr,73
sovr,73
sovr,73
sovr,73
sovr,73
sovr,73
sovr,73
sovr,73
sovr,73
sovr,74
sovr,74
sovr,74
sovr,74
sovr,74
sovr,74
sovr,74
sovr,74
sovr,74
sovr,74
sovr,74
sovr,74
sovr,74
sovr,74
sovr,74
sovr,74
sovr,74
sovr,74
sovr,74
sovr,75
sovr,75
sovr,75
sovr,75
sovr,75
sovr,75
sovr,75
sovr,75
sovr,75
sovr,75
sovr,75
sovr,75
sovr,76
sovr,76
sovr,76
sovr,76
sovr,76
sovr,76
sovr,76
sovr,76
sovr,76
sovr,76
sovr,76
sovr,76
sovr,76
sovr,76
sovr,76
sovr,76
sovr,76
sovr,76
sovr,76
sovr,77
sovr,77
sovr,77
sovr,77
sovr,77
sovr,77
sovr,77
sovr,77
sovr,77
sovr,77
sovr,77
sovr,77
sovr,77
sovr,77
sovr,77
sovr,78
sovr,78
sovr,78
sovr,78
sovr,78
sovr,78
sovr,78
sovr,78
sovr,78
sovr,78
sovr,78
sovr,78
sovr,78
sovr,78
sovr,78
sovr,78
sovr,78
sovr,79
sovr,79
sovr,79
sovr,79
sovr,79
sovr,80
sovr,80
sovr,80
sovr,80
sovr,80
sovr,80
sovr,80
sovr,80
sovr,80
sovr,80
sovr,80
sovr,80
sovr,80
sovr,80
sovr,80
sovr,80
sovr,80
sovr,80
sovr,80
sovr,80
sovr,80
sovr,80
sovr,80
sovr,80
sovr,80
sovr,80
sovr,81
sovr,81
sovr,81
sovr,81
sovr,81
sovr,81
sovr,82
sovr,82
sovr,82
sovr,82
sovr,82
sovr,82
sovr,82
sovr,82
sovr,82
sovr,82
sovr,83
sovr,83
sovr,83
sovr,83
sovr,83
sovr,84
sovr,84
sovr,84
sovr,84
sovr,84
sovr,84
sovr,84
sovr,84
sovr,85
sovr,86
sovr,86
sovr,86
sovr,86
sovr,87
sovr,87
sovr,87
sovr,88
sovr,88
sovr,89
sovr,90
sovr,90
sovr,90
sovr,90
sovr,92
sovr,92
sovr,93
sovr,95
sovr,95
sovr,97
sovr,100
sovr,101
